{"match_id": 7570622406, "players": [{"player_slot": 0, "party_id": 0, "permanent_buffs": [{"permanent_buff": 12, "stack_count": 0, "grant_time": 2370}], "party_size": 10, "account_id": 320252024, "team_number": 0, "team_slot": 0, "hero_id": 82, "item_0": 108, "item_1": 63, "item_2": 75, "item_3": 75, "item_4": 11, "item_5": 1097, "backpack_0": 0, "backpack_1": 0, "backpack_2": 16, "item_neutral": 574, "kills": 0, "deaths": 4, "assists": 3, "leaver_status": 0, "last_hits": 322, "denies": 9, "gold_per_min": 541, "xp_per_min": 645, "level": 19, "net_worth": 15345, "aghanims_scepter": 0, "aghanims_shard": 1, "moonshard": 0, "hero_damage": 7923, "tower_damage": 0, "hero_healing": 0, "gold": 1385, "gold_spent": 14340, "additional_units": [{"unitname": "", "item_0": 108, "item_1": 63, "item_2": 75, "item_3": 75, "item_4": 11, "item_5": 1097, "backpack_0": 0, "backpack_1": 0, "backpack_2": 16, "item_neutral": 0}], "ability_upgrades_arr": [7318, 5430, 5431, 5433, 5431, 5431, 5431, 7318, 7318, 6689, 5433, 7318, 5430, 5430, 5972, 5430, 5433], "personaname": "Anon", "name": "shiro", "last_login": null, "rank_tier": 80, "is_subscriber": false, "radiant_win": false, "start_time": 1707136323, "duration": 1988, "cluster": 161, "lobby_type": 1, "game_mode": 2, "is_contributor": false, "patch": 54, "region": 6, "isRadiant": true, "win": 0, "lose": 1, "total_gold": 17925, "total_xp": 21371, "kda": 0.6, "abandons": 0, "benchmarks": {"gold_per_min": {"raw": 541, "pct": 0.4142581888246628}, "xp_per_min": {"raw": 645, "pct": 0.2813102119460501}, "kills_per_min": {"raw": 0, "pct": 0.028901734104046242}, "last_hits_per_min": {"raw": 9.71830985915493, "pct": 0.8689788053949904}, "hero_damage_per_min": {"raw": 239.12474849094568, "pct": 0.10597302504816955}, "hero_healing_per_min": {"raw": 0, "pct": 0.9691714836223507}, "tower_damage": {"raw": 0, "pct": 0.12138728323699421}}}, {"player_slot": 1, "party_id": 0, "permanent_buffs": [], "party_size": 10, "account_id": 139822354, "team_number": 0, "team_slot": 1, "hero_id": 13, "item_0": 1, "item_1": 63, "item_2": 41, "item_3": 108, "item_4": 534, "item_5": 273, "backpack_0": 288, "backpack_1": 0, "backpack_2": 0, "item_neutral": 1159, "kills": 2, "deaths": 4, "assists": 2, "leaver_status": 0, "last_hits": 364, "denies": 17, "gold_per_min": 580, "xp_per_min": 659, "level": 20, "net_worth": 18270, "aghanims_scepter": 0, "aghanims_shard": 0, "moonshard": 0, "hero_damage": 14782, "tower_damage": 888, "hero_healing": 69, "gold": 2870, "gold_spent": 16405, "ability_upgrades_arr": [5069, 5072, 5069, 5071, 5069, 5073, 5069, 5071, 5071, 5071, 5072, 5072, 5072, 1057, 407, 5073, 5073, 1058], "personaname": "lm", "name": "Setsu", "last_login": null, "rank_tier": 80, "is_subscriber": false, "radiant_win": false, "start_time": 1707136323, "duration": 1988, "cluster": 161, "lobby_type": 1, "game_mode": 2, "is_contributor": false, "patch": 54, "region": 6, "isRadiant": true, "win": 0, "lose": 1, "total_gold": 19217, "total_xp": 21834, "kills_per_min": 0.060362173038229376, "kda": 0.8, "abandons": 0, "benchmarks": {"gold_per_min": {"raw": 580, "pct": 0.6036797613127797}, "xp_per_min": {"raw": 659, "pct": 0.3525609149676778}, "kills_per_min": {"raw": 0.06036217303822938, "pct": 0.07508702138239681}, "last_hits_per_min": {"raw": 10.985915492957746, "pct": 0.9925410243659871}, "hero_damage_per_min": {"raw": 446.1368209255533, "pct": 0.13028344107409248}, "hero_healing_per_min": {"raw": 2.0824949698189132, "pct": 0.8886126305320736}, "tower_damage": {"raw": 888, "pct": 0.3520636499254102}}}, {"player_slot": 2, "party_id": 0, "permanent_buffs": [], "party_size": 10, "account_id": 145957968, "team_number": 0, "team_slot": 2, "hero_id": 137, "item_0": 50, "item_1": 119, "item_2": 0, "item_3": 178, "item_4": 116, "item_5": 244, "backpack_0": 0, "backpack_1": 0, "backpack_2": 0, "item_neutral": 574, "kills": 4, "deaths": 6, "assists": 4, "leaver_status": 0, "last_hits": 217, "denies": 3, "gold_per_min": 419, "xp_per_min": 462, "level": 16, "net_worth": 11677, "aghanims_scepter": 0, "aghanims_shard": 0, "moonshard": 0, "hero_damage": 11339, "tower_damage": 385, "hero_healing": 0, "gold": 247, "gold_spent": 12220, "ability_upgrades_arr": [992, 994, 994, 992, 994, 996, 994, 992, 992, 995, 7741, 996, 995, 995, 7740, 995], "personaname": "???", "name": "niu", "last_login": null, "rank_tier": 80, "is_subscriber": false, "radiant_win": false, "start_time": 1707136323, "duration": 1988, "cluster": 161, "lobby_type": 1, "game_mode": 2, "is_contributor": false, "patch": 54, "region": 6, "isRadiant": true, "win": 0, "lose": 1, "total_gold": 13882, "total_xp": 15307, "kills_per_min": 0.12072434607645875, "kda": 1.14, "abandons": 0, "benchmarks": {"gold_per_min": {"raw": 419, "pct": 0.38661710037174724}, "xp_per_min": {"raw": 462, "pct": 0.23605947955390336}, "kills_per_min": {"raw": 0.12072434607645877, "pct": 0.3903345724907063}, "last_hits_per_min": {"raw": 6.549295774647887, "pct": 0.9516728624535316}, "hero_damage_per_min": {"raw": 342.22334004024145, "pct": 0.16728624535315986}, "hero_healing_per_min": {"raw": 0, "pct": 0.929368029739777}, "tower_damage": {"raw": 385, "pct": 0.34944237918215615}}}, {"player_slot": 3, "party_id": 0, "permanent_buffs": [{"permanent_buff": 7, "stack_count": 3, "grant_time": 1344}, {"permanent_buff": 12, "stack_count": 0, "grant_time": 2373}], "party_size": 10, "account_id": 138543123, "team_number": 0, "team_slot": 3, "hero_id": 26, "item_0": 0, "item_1": 1, "item_2": 36, "item_3": 75, "item_4": 214, "item_5": 75, "backpack_0": 0, "backpack_1": 4204, "backpack_2": 0, "item_neutral": 680, "kills": 3, "deaths": 9, "assists": 6, "leaver_status": 0, "last_hits": 60, "denies": 5, "gold_per_min": 251, "xp_per_min": 319, "level": 13, "net_worth": 6453, "aghanims_scepter": 0, "aghanims_shard": 1, "moonshard": 0, "hero_damage": 8064, "tower_damage": 0, "hero_healing": 0, "gold": 218, "gold_spent": 9105, "ability_upgrades_arr": [5044, 5045, 5044, 5046, 5044, 5047, 5044, 5046, 5046, 5046, 5045, 5047, 465], "personaname": "Neil", "name": "Pyw", "last_login": null, "rank_tier": 80, "is_subscriber": false, "radiant_win": false, "start_time": 1707136323, "duration": 1988, "cluster": 161, "lobby_type": 1, "game_mode": 2, "is_contributor": false, "patch": 54, "region": 6, "isRadiant": true, "win": 0, "lose": 1, "total_gold": 8316, "total_xp": 10569, "kills_per_min": 0.09054325955734406, "kda": 0.9, "abandons": 0, "benchmarks": {"gold_per_min": {"raw": 251, "pct": 0.11183395291201982}, "xp_per_min": {"raw": 319, "pct": 0.07388475836431227}, "kills_per_min": {"raw": 0.09054325955734406, "pct": 0.2822180916976456}, "last_hits_per_min": {"raw": 1.8108651911468814, "pct": 0.7489157372986369}, "hero_damage_per_min": {"raw": 243.38028169014083, "pct": 0.14699504337050806}, "hero_healing_per_min": {"raw": 0, "pct": 0.7157682775712515}, "tower_damage": {"raw": 0, "pct": 0.23079306071871128}}}, {"player_slot": 4, "party_id": 0, "permanent_buffs": [{"permanent_buff": 12, "stack_count": 0, "grant_time": 1999}], "party_size": 10, "account_id": 111114687, "team_number": 0, "team_slot": 4, "hero_id": 110, "item_0": 92, "item_1": 36, "item_2": 29, "item_3": 218, "item_4": 593, "item_5": 254, "backpack_0": 4204, "backpack_1": 0, "backpack_2": 0, "item_neutral": 675, "kills": 1, "deaths": 8, "assists": 5, "leaver_status": 0, "last_hits": 83, "denies": 2, "gold_per_min": 268, "xp_per_min": 371, "level": 14, "net_worth": 8282, "aghanims_scepter": 0, "aghanims_shard": 1, "moonshard": 0, "hero_damage": 14821, "tower_damage": 107, "hero_healing": 2912, "gold": 2502, "gold_spent": 6325, "ability_upgrades_arr": [5625, 5623, 5625, 5623, 5631, 5630, 5625, 5626, 5626, 5626, 5626, 5630, 406, 5623], "personaname": "May thy knife chip and shatter", "name": "WhyouSm1Le", "last_login": null, "rank_tier": 80, "is_subscriber": false, "radiant_win": false, "start_time": 1707136323, "duration": 1988, "cluster": 161, "lobby_type": 1, "game_mode": 2, "is_contributor": false, "patch": 54, "region": 6, "isRadiant": true, "win": 0, "lose": 1, "total_gold": 8879, "total_xp": 12292, "kills_per_min": 0.030181086519114688, "kda": 0.67, "abandons": 0, "benchmarks": {"gold_per_min": {"raw": 268, "pct": 0.053480475382003394}, "xp_per_min": {"raw": 371, "pct": 0.08743633276740238}, "kills_per_min": {"raw": 0.03018108651911469, "pct": 0.05602716468590832}, "last_hits_per_min": {"raw": 2.505030181086519, "pct": 0.4219015280135823}, "hero_damage_per_min": {"raw": 447.3138832997988, "pct": 0.23259762308998302}, "hero_healing_per_min": {"raw": 87.88732394366197, "pct": 0.7741935483870968}, "tower_damage": {"raw": 107, "pct": 0.25042444821731746}}}, {"player_slot": 128, "party_id": 0, "permanent_buffs": [], "party_size": 10, "account_id": 172099728, "team_number": 1, "team_slot": 0, "hero_id": 10, "item_0": 123, "item_1": 63, "item_2": 147, "item_3": 117, "item_4": 141, "item_5": 160, "backpack_0": 0, "backpack_1": 36, "backpack_2": 0, "item_neutral": 376, "kills": 4, "deaths": 3, "assists": 9, "leaver_status": 0, "last_hits": 350, "denies": 11, "gold_per_min": 730, "xp_per_min": 802, "level": 22, "net_worth": 23879, "aghanims_scepter": 0, "aghanims_shard": 0, "moonshard": 0, "hero_damage": 19500, "tower_damage": 14695, "hero_healing": 0, "gold": 2029, "gold_spent": 22920, "ability_upgrades_arr": [5055, 5053, 5053, 5052, 5053, 5052, 5053, 5052, 5052, 6062, 5055, 5055, 5057, 5055, 5929, 5057, 5057, 6840], "personaname": "Dokkodo", "name": "Kiritych~", "last_login": "2024-10-02T10:49:41.243Z", "rank_tier": 80, "is_subscriber": false, "radiant_win": false, "start_time": 1707136323, "duration": 1988, "cluster": 161, "lobby_type": 1, "game_mode": 2, "is_contributor": false, "patch": 54, "region": 6, "isRadiant": false, "win": 1, "lose": 0, "total_gold": 24187, "total_xp": 26572, "kills_per_min": 0.12072434607645875, "kda": 3.25, "abandons": 0, "benchmarks": {"gold_per_min": {"raw": 730, "pct": 0.8102419101476594}, "xp_per_min": {"raw": 802, "pct": 0.5127238454288408}, "kills_per_min": {"raw": 0.12072434607645877, "pct": 0.26201696512723843}, "last_hits_per_min": {"raw": 10.56338028169014, "pct": 0.9267986176562991}, "hero_damage_per_min": {"raw": 588.5311871227364, "pct": 0.48193528118127554}, "hero_healing_per_min": {"raw": 0, "pct": 0.1910147659440779}, "tower_damage": {"raw": 14695, "pct": 0.6820609487904492}}}, {"player_slot": 129, "party_id": 0, "permanent_buffs": [], "party_size": 10, "account_id": 145065875, "team_number": 1, "team_slot": 1, "hero_id": 123, "item_0": 180, "item_1": 20, "item_2": 1466, "item_3": 215, "item_4": 36, "item_5": 40, "backpack_0": 0, "backpack_1": 0, "backpack_2": 0, "item_neutral": 1159, "kills": 5, "deaths": 1, "assists": 14, "leaver_status": 0, "last_hits": 89, "denies": 3, "gold_per_min": 387, "xp_per_min": 476, "level": 17, "net_worth": 11538, "aghanims_scepter": 0, "aghanims_shard": 0, "moonshard": 0, "hero_damage": 15600, "tower_damage": 151, "hero_healing": 0, "gold": 1653, "gold_spent": 11610, "ability_upgrades_arr": [8429, 8158, 8429, 8158, 8429, 8106, 9501, 8429, 9501, 8158, 8158, 8106, 9501, 9501, 9513, 1075], "personaname": "\u0448\u043d\u043e\u0431\u0435\u043b\u044c", "name": "sayuw", "last_login": null, "rank_tier": 80, "is_subscriber": false, "radiant_win": false, "start_time": 1707136323, "duration": 1988, "cluster": 161, "lobby_type": 1, "game_mode": 2, "is_contributor": false, "patch": 54, "region": 6, "isRadiant": false, "win": 1, "lose": 0, "total_gold": 12822, "total_xp": 15771, "kills_per_min": 0.15090543259557343, "kda": 9.5, "abandons": 0, "benchmarks": {"gold_per_min": {"raw": 387, "pct": 0.5278497409326425}, "xp_per_min": {"raw": 476, "pct": 0.2823834196891192}, "kills_per_min": {"raw": 0.15090543259557343, "pct": 0.6088082901554405}, "last_hits_per_min": {"raw": 2.6861167002012074, "pct": 0.5893782383419689}, "hero_damage_per_min": {"raw": 470.82494969818913, "pct": 0.49222797927461137}, "hero_healing_per_min": {"raw": 0, "pct": 0.6787564766839378}, "tower_damage": {"raw": 151, "pct": 0.3069948186528497}}}, {"player_slot": 130, "party_id": 0, "permanent_buffs": [{"permanent_buff": 12, "stack_count": 0, "grant_time": 2397}], "party_size": 10, "account_id": 94049589, "team_number": 1, "team_slot": 2, "hero_id": 85, "item_0": 229, "item_1": 180, "item_2": 30, "item_3": 90, "item_4": 43, "item_5": 36, "backpack_0": 0, "backpack_1": 0, "backpack_2": 0, "item_neutral": 290, "kills": 3, "deaths": 3, "assists": 18, "leaver_status": 0, "last_hits": 57, "denies": 0, "gold_per_min": 373, "xp_per_min": 530, "level": 18, "net_worth": 12734, "aghanims_scepter": 0, "aghanims_shard": 1, "moonshard": 0, "hero_damage": 7752, "tower_damage": 19, "hero_healing": 2111, "gold": 2009, "gold_spent": 10875, "ability_upgrades_arr": [5442, 5444, 5442, 5444, 5442, 5447, 5442, 5443, 5444, 5444, 813, 5447, 5443, 5443, 616, 5443, 5447], "personaname": "Bulbing", "name": "Fng", "last_login": "2024-07-14T21:46:28.285Z", "rank_tier": 80, "is_subscriber": false, "radiant_win": false, "start_time": 1707136323, "duration": 1988, "cluster": 161, "lobby_type": 1, "game_mode": 2, "is_contributor": false, "patch": 54, "region": 6, "isRadiant": false, "win": 1, "lose": 0, "total_gold": 12358, "total_xp": 17560, "kills_per_min": 0.09054325955734406, "kda": 5.25, "abandons": 0, "benchmarks": {"gold_per_min": {"raw": 373, "pct": 0.34990791896869244}, "xp_per_min": {"raw": 530, "pct": 0.3651012891344383}, "kills_per_min": {"raw": 0.09054325955734406, "pct": 0.21869244935543278}, "last_hits_per_min": {"raw": 1.7203219315895373, "pct": 0.22882136279926335}, "hero_damage_per_min": {"raw": 233.96378269617708, "pct": 0.11372007366482505}, "hero_healing_per_min": {"raw": 63.712273641851105, "pct": 0.5308471454880295}, "tower_damage": {"raw": 19, "pct": 0.1514732965009208}}}, {"player_slot": 131, "party_id": 0, "permanent_buffs": [{"permanent_buff": 12, "stack_count": 0, "grant_time": 2627}], "party_size": 10, "account_id": 123023873, "team_number": 1, "team_slot": 3, "hero_id": 19, "item_0": 116, "item_1": 108, "item_2": 63, "item_3": 252, "item_4": 149, "item_5": 1, "backpack_0": 41, "backpack_1": 0, "backpack_2": 0, "item_neutral": 1159, "kills": 14, "deaths": 2, "assists": 10, "leaver_status": 0, "last_hits": 185, "denies": 8, "gold_per_min": 592, "xp_per_min": 694, "level": 20, "net_worth": 20787, "aghanims_scepter": 0, "aghanims_shard": 1, "moonshard": 0, "hero_damage": 35429, "tower_damage": 138, "hero_healing": 0, "gold": 1562, "gold_spent": 18595, "ability_upgrades_arr": [5108, 5106, 5106, 5107, 5106, 5109, 5106, 5107, 5107, 5107, 6137, 5109, 5108, 5108, 6153, 5108, 5109, 718], "personaname": ")", "name": "squad1x", "last_login": "2023-01-04T09:06:52.732Z", "rank_tier": 80, "is_subscriber": false, "radiant_win": false, "start_time": 1707136323, "duration": 1988, "cluster": 161, "lobby_type": 1, "game_mode": 2, "is_contributor": false, "patch": 54, "region": 6, "isRadiant": false, "win": 1, "lose": 0, "total_gold": 19614, "total_xp": 22994, "kills_per_min": 0.4225352112676056, "kda": 8, "abandons": 0, "benchmarks": {"gold_per_min": {"raw": 592, "pct": 0.6604938271604939}, "xp_per_min": {"raw": 694, "pct": 0.4534979423868313}, "kills_per_min": {"raw": 0.4225352112676056, "pct": 0.9271604938271605}, "last_hits_per_min": {"raw": 5.583501006036217, "pct": 0.4777777777777778}, "hero_damage_per_min": {"raw": 1069.2857142857144, "pct": 0.9090534979423869}, "hero_healing_per_min": {"raw": 0, "pct": 0.9024691358024691}, "tower_damage": {"raw": 138, "pct": 0.13292181069958847}}}, {"player_slot": 132, "party_id": 0, "permanent_buffs": [{"permanent_buff": 12, "stack_count": 0, "grant_time": 2378}], "party_size": 10, "account_id": 195108598, "team_number": 1, "team_slot": 4, "hero_id": 129, "item_0": 50, "item_1": 81, "item_2": 1, "item_3": 73, "item_4": 598, "item_5": 116, "backpack_0": 38, "backpack_1": 0, "backpack_2": 0, "item_neutral": 950, "kills": 4, "deaths": 1, "assists": 14, "leaver_status": 0, "last_hits": 230, "denies": 3, "gold_per_min": 533, "xp_per_min": 673, "level": 20, "net_worth": 17004, "aghanims_scepter": 0, "aghanims_shard": 1, "moonshard": 0, "hero_damage": 18492, "tower_damage": 1603, "hero_healing": 4357, "gold": 2224, "gold_spent": 16515, "ability_upgrades_arr": [6495, 6583, 6495, 6583, 6495, 6598, 6495, 6583, 6583, 6582, 730, 6598, 730, 730, 545, 1020, 730, 6598, 730, 6584], "personaname": "bingus", "name": "Noticed", "last_login": null, "rank_tier": 80, "is_subscriber": false, "radiant_win": false, "start_time": 1707136323, "duration": 1988, "cluster": 161, "lobby_type": 1, "game_mode": 2, "is_contributor": false, "patch": 54, "region": 6, "isRadiant": false, "win": 1, "lose": 0, "total_gold": 17660, "total_xp": 22298, "kills_per_min": 0.12072434607645875, "kda": 9, "abandons": 0, "benchmarks": {"gold_per_min": {"raw": 533, "pct": 0.737417943107221}, "xp_per_min": {"raw": 673, "pct": 0.5508752735229759}, "kills_per_min": {"raw": 0.12072434607645877, "pct": 0.45076586433260396}, "last_hits_per_min": {"raw": 6.941649899396378, "pct": 0.9157549234135668}, "hero_damage_per_min": {"raw": 558.1086519114688, "pct": 0.6219912472647703}, "hero_healing_per_min": {"raw": 131.49899396378268, "pct": 0.986870897155361}, "tower_damage": {"raw": 1603, "pct": 0.6187089715536105}}}], "series_id": 847352, "series_type": 3, "cluster": 161, "replay_salt": 1765466723, "radiant_win": false, "duration": 1988, "pre_game_duration": 90, "start_time": 1707136323, "match_seq_num": 6375351827, "tower_status_radiant": 1568, "tower_status_dire": 1974, "barracks_status_radiant": 62, "barracks_status_dire": 63, "first_blood_time": 138, "lobby_type": 1, "human_players": 10, "leagueid": 16169, "game_mode": 2, "flags": 4, "engine": 1, "radiant_score": 10, "dire_score": 31, "radiant_team_id": 15, "radiant_name": "LGD Gaming", "radiant_logo": 2347006742714515500, "radiant_team_complete": 1, "dire_team_id": 8724984, "dire_name": "Virtus.pro", "dire_logo": 1796396122320355000, "dire_team_complete": 1, "radiant_captain": 111114687, "dire_captain": 94049589, "picks_bans": [{"is_pick": false, "hero_id": 41, "team": 0, "order": 0}, {"is_pick": false, "hero_id": 66, "team": 1, "order": 1}, {"is_pick": false, "hero_id": 97, "team": 1, "order": 2}, {"is_pick": false, "hero_id": 53, "team": 0, "order": 3}, {"is_pick": false, "hero_id": 69, "team": 1, "order": 4}, {"is_pick": false, "hero_id": 20, "team": 1, "order": 5}, {"is_pick": false, "hero_id": 98, "team": 0, "order": 6}, {"is_pick": true, "hero_id": 137, "team": 0, "order": 7}, {"is_pick": true, "hero_id": 129, "team": 1, "order": 8}, {"is_pick": false, "hero_id": 23, "team": 0, "order": 9}, {"is_pick": false, "hero_id": 106, "team": 0, "order": 10}, {"is_pick": false, "hero_id": 89, "team": 1, "order": 11}, {"is_pick": true, "hero_id": 123, "team": 1, "order": 12}, {"is_pick": true, "hero_id": 26, "team": 0, "order": 13}, {"is_pick": true, "hero_id": 110, "team": 0, "order": 14}, {"is_pick": true, "hero_id": 10, "team": 1, "order": 15}, {"is_pick": true, "hero_id": 85, "team": 1, "order": 16}, {"is_pick": true, "hero_id": 13, "team": 0, "order": 17}, {"is_pick": false, "hero_id": 49, "team": 0, "order": 18}, {"is_pick": false, "hero_id": 73, "team": 1, "order": 19}, {"is_pick": false, "hero_id": 48, "team": 1, "order": 20}, {"is_pick": false, "hero_id": 46, "team": 0, "order": 21}, {"is_pick": true, "hero_id": 82, "team": 0, "order": 22}, {"is_pick": true, "hero_id": 19, "team": 1, "order": 23}], "od_data": {"has_api": true, "has_gcdata": true, "has_parsed": false, "has_archive": false}, "league": {"leagueid": 16169, "ticket": null, "banner": null, "tier": "professional", "name": "BetBoom Dacha Dubai 2024"}, "radiant_team": {"team_id": 15, "name": "LGD Gaming", "tag": "LGD", "logo_url": "https://steamcdn-a.akamaihd.net/apps/dota2/images/team_logos/15.png"}, "dire_team": {"team_id": 8724984, "name": "Virtus.pro", "tag": "VP", "logo_url": "https://cdn.steamusercontent.com/ugc/1796396122320355023/2E833B3744ECB93AD9FF3797C0309B4ADB54AD2E/"}, "metadata": null, "replay_url": "http://replay161.valve.net/570/7570622406_1765466723.dem.bz2", "patch": 54, "region": 6}