{"match_id": 7570633219, "players": [{"player_slot": 0, "party_id": 0, "permanent_buffs": [{"permanent_buff": 12, "stack_count": 0, "grant_time": 2643}], "party_size": 10, "account_id": 185908355, "team_number": 0, "team_slot": 0, "hero_id": 10, "item_0": 147, "item_1": 1808, "item_2": 63, "item_3": 116, "item_4": 596, "item_5": 139, "backpack_0": 0, "backpack_1": 20, "backpack_2": 0, "item_neutral": 1157, "kills": 8, "deaths": 1, "assists": 9, "leaver_status": 0, "last_hits": 399, "denies": 21, "gold_per_min": 764, "xp_per_min": 790, "level": 22, "net_worth": 26753, "aghanims_scepter": 0, "aghanims_shard": 1, "moonshard": 0, "hero_damage": 38086, "tower_damage": 12390, "hero_healing": 0, "gold": 3373, "gold_spent": 23965, "ability_upgrades_arr": [5055, 5053, 5053, 5052, 5052, 5052, 5052, 5055, 5053, 5057, 5053, 5055, 5055, 5057, 5929, 6062, 5057, 6840], "personaname": "\u95ee\u5fc3", "name": "\u697c", "last_login": null, "rank_tier": 80, "is_subscriber": false, "radiant_win": true, "start_time": 1707136580, "duration": 2099, "cluster": 161, "lobby_type": 1, "game_mode": 2, "is_contributor": false, "patch": 54, "region": 6, "isRadiant": true, "win": 1, "lose": 0, "total_gold": 26727, "total_xp": 27636, "kills_per_min": 0.2286803239637923, "kda": 8.5, "abandons": 0, "benchmarks": {"gold_per_min": {"raw": 764, "pct": 0.8771599120326736}, "xp_per_min": {"raw": 790, "pct": 0.49167452089224}, "kills_per_min": {"raw": 0.22868032396379226, "pct": 0.5743009739239711}, "last_hits_per_min": {"raw": 11.40543115769414, "pct": 0.9726672950047125}, "hero_damage_per_min": {"raw": 1088.689852310624, "pct": 0.8922400251335219}, "hero_healing_per_min": {"raw": 0, "pct": 0.1910147659440779}, "tower_damage": {"raw": 12390, "pct": 0.6069745523091423}}}, {"player_slot": 1, "party_id": 0, "permanent_buffs": [], "party_size": 10, "account_id": 158847773, "team_number": 0, "team_slot": 1, "hero_id": 105, "item_0": 102, "item_1": 36, "item_2": 229, "item_3": 180, "item_4": 38, "item_5": 0, "backpack_0": 0, "backpack_1": 0, "backpack_2": 4204, "item_neutral": 2190, "kills": 3, "deaths": 5, "assists": 9, "leaver_status": 0, "last_hits": 63, "denies": 4, "gold_per_min": 331, "xp_per_min": 416, "level": 16, "net_worth": 9765, "aghanims_scepter": 0, "aghanims_shard": 0, "moonshard": 0, "hero_damage": 20717, "tower_damage": 1425, "hero_healing": 0, "gold": 2015, "gold_spent": 9830, "ability_upgrades_arr": [879, 5601, 879, 886, 879, 5599, 879, 5601, 5601, 6997, 5601, 5599, 886, 886, 6160, 886], "personaname": "\u98ce\u7075\u6708\u5f71\u5b97", "name": "Tianming", "last_login": null, "rank_tier": 80, "is_subscriber": false, "radiant_win": true, "start_time": 1707136580, "duration": 2099, "cluster": 161, "lobby_type": 1, "game_mode": 2, "is_contributor": false, "patch": 54, "region": 6, "isRadiant": true, "win": 1, "lose": 0, "total_gold": 11579, "total_xp": 14553, "kills_per_min": 0.0857551214864221, "kda": 2, "abandons": 0, "benchmarks": {"gold_per_min": {"raw": 331, "pct": 0.17373737373737375}, "xp_per_min": {"raw": 416, "pct": 0.18181818181818182}, "kills_per_min": {"raw": 0.0857551214864221, "pct": 0.1919191919191919}, "last_hits_per_min": {"raw": 1.8008575512148643, "pct": 0.21767676767676766}, "hero_damage_per_min": {"raw": 592.1962839447356, "pct": 0.2696969696969697}, "hero_healing_per_min": {"raw": 0, "pct": 0.7777777777777778}, "tower_damage": {"raw": 1425, "pct": 0.7070707070707071}}}, {"player_slot": 2, "party_id": 0, "permanent_buffs": [{"permanent_buff": 12, "stack_count": 0, "grant_time": 2448}], "party_size": 10, "account_id": 107803494, "team_number": 0, "team_slot": 2, "hero_id": 46, "item_0": 41, "item_1": 168, "item_2": 263, "item_3": 63, "item_4": 1, "item_5": 141, "backpack_0": 0, "backpack_1": 0, "backpack_2": 0, "item_neutral": 2096, "kills": 8, "deaths": 3, "assists": 10, "leaver_status": 0, "last_hits": 326, "denies": 16, "gold_per_min": 727, "xp_per_min": 897, "level": 24, "net_worth": 24259, "aghanims_scepter": 0, "aghanims_shard": 1, "moonshard": 0, "hero_damage": 32689, "tower_damage": 8566, "hero_healing": 0, "gold": 5384, "gold_spent": 19930, "ability_upgrades_arr": [5196, 5194, 5194, 5196, 5194, 5197, 5194, 5195, 5195, 1059, 5195, 5195, 5196, 5196, 757, 5197, 5197, 6939], "personaname": "...", "name": "Ori", "last_login": null, "rank_tier": 80, "is_subscriber": false, "radiant_win": true, "start_time": 1707136580, "duration": 2099, "cluster": 161, "lobby_type": 1, "game_mode": 2, "is_contributor": false, "patch": 54, "region": 6, "isRadiant": true, "win": 1, "lose": 0, "total_gold": 25432, "total_xp": 31380, "kills_per_min": 0.2286803239637923, "kda": 4.5, "abandons": 0, "benchmarks": {"gold_per_min": {"raw": 727, "pct": 0.7439262775760961}, "xp_per_min": {"raw": 897, "pct": 0.6043004747277296}, "kills_per_min": {"raw": 0.22868032396379226, "pct": 0.4227869310248534}, "last_hits_per_min": {"raw": 9.318723201524536, "pct": 0.7640323931862608}, "hero_damage_per_min": {"raw": 934.4163887565508, "pct": 0.6727171181234292}, "hero_healing_per_min": {"raw": 0, "pct": 0.955040491482826}, "tower_damage": {"raw": 8566, "pct": 0.5400726054174811}}}, {"player_slot": 3, "party_id": 0, "permanent_buffs": [{"permanent_buff": 12, "stack_count": 0, "grant_time": 2428}], "party_size": 10, "account_id": 101695162, "team_number": 0, "team_slot": 3, "hero_id": 86, "item_0": 1, "item_1": 206, "item_2": 180, "item_3": 36, "item_4": 102, "item_5": 0, "backpack_0": 675, "backpack_1": 0, "backpack_2": 0, "item_neutral": 1167, "kills": 3, "deaths": 3, "assists": 21, "leaver_status": 0, "last_hits": 63, "denies": 3, "gold_per_min": 369, "xp_per_min": 629, "level": 20, "net_worth": 12842, "aghanims_scepter": 0, "aghanims_shard": 1, "moonshard": 0, "hero_damage": 22173, "tower_damage": 628, "hero_healing": 0, "gold": 2892, "gold_spent": 10575, "ability_upgrades_arr": [5450, 5448, 5450, 7320, 5450, 5452, 5450, 7320, 7320, 7320, 5448, 5452, 5448, 5448, 518, 6862, 5452], "personaname": "\u5176\u75be\u5982\u98ce", "name": "fy", "last_login": null, "rank_tier": 80, "is_subscriber": false, "radiant_win": true, "start_time": 1707136580, "duration": 2099, "cluster": 161, "lobby_type": 1, "game_mode": 2, "is_contributor": false, "patch": 54, "region": 6, "isRadiant": true, "win": 1, "lose": 0, "total_gold": 12908, "total_xp": 22004, "kills_per_min": 0.0857551214864221, "kda": 6, "abandons": 0, "benchmarks": {"gold_per_min": {"raw": 369, "pct": 0.36809815950920244}, "xp_per_min": {"raw": 629, "pct": 0.5746421267893661}, "kills_per_min": {"raw": 0.0857551214864221, "pct": 0.3185639627357419}, "last_hits_per_min": {"raw": 1.8008575512148643, "pct": 0.24267211997273347}, "hero_damage_per_min": {"raw": 633.8161029061457, "pct": 0.6700749829584185}, "hero_healing_per_min": {"raw": 0, "pct": 0.4894342194955692}, "tower_damage": {"raw": 628, "pct": 0.5778232219950011}}}, {"player_slot": 4, "party_id": 0, "permanent_buffs": [], "party_size": 10, "account_id": 118134220, "team_number": 0, "team_slot": 4, "hero_id": 129, "item_0": 1, "item_1": 116, "item_2": 112, "item_3": 81, "item_4": 30, "item_5": 50, "backpack_0": 36, "backpack_1": 0, "backpack_2": 0, "item_neutral": 676, "kills": 6, "deaths": 0, "assists": 18, "leaver_status": 0, "last_hits": 209, "denies": 19, "gold_per_min": 546, "xp_per_min": 702, "level": 21, "net_worth": 19147, "aghanims_scepter": 0, "aghanims_shard": 0, "moonshard": 0, "hero_damage": 16719, "tower_damage": 3593, "hero_healing": 6451, "gold": 3472, "gold_spent": 16875, "ability_upgrades_arr": [6495, 6583, 6583, 6495, 6583, 6598, 6583, 6495, 6495, 1020, 6582, 6598, 6582, 6582, 545, 6582, 6598, 6584], "personaname": "Bach", "name": "Bach", "last_login": null, "rank_tier": 80, "is_subscriber": false, "radiant_win": true, "start_time": 1707136580, "duration": 2099, "cluster": 161, "lobby_type": 1, "game_mode": 2, "is_contributor": false, "patch": 54, "region": 6, "isRadiant": true, "win": 1, "lose": 0, "total_gold": 19100, "total_xp": 24558, "kills_per_min": 0.1715102429728442, "kda": 24, "abandons": 0, "benchmarks": {"gold_per_min": {"raw": 546, "pct": 0.7800875273522976}, "xp_per_min": {"raw": 702, "pct": 0.6083150984682714}, "kills_per_min": {"raw": 0.1715102429728442, "pct": 0.6602844638949672}, "last_hits_per_min": {"raw": 5.9742734635540735, "pct": 0.7926695842450766}, "hero_damage_per_min": {"raw": 477.9132920438304, "pct": 0.4589715536105033}, "hero_healing_per_min": {"raw": 184.402096236303, "pct": 0.9972647702407003}, "tower_damage": {"raw": 3593, "pct": 0.8484682713347921}}}, {"player_slot": 128, "party_id": 0, "permanent_buffs": [{"permanent_buff": 12, "stack_count": 0, "grant_time": 2306}], "party_size": 10, "account_id": 126238768, "team_number": 1, "team_slot": 0, "hero_id": 80, "item_0": 16, "item_1": 16, "item_2": 16, "item_3": 16, "item_4": 16, "item_5": 16, "backpack_0": 0, "backpack_1": 0, "backpack_2": 0, "item_neutral": 946, "kills": 1, "deaths": 5, "assists": 4, "leaver_status": 0, "last_hits": 226, "denies": 8, "gold_per_min": 435, "xp_per_min": 462, "level": 17, "net_worth": 14427, "aghanims_scepter": 0, "aghanims_shard": 1, "moonshard": 0, "hero_damage": 7289, "tower_damage": 2841, "hero_healing": 0, "gold": 352, "gold_spent": 14415, "additional_units": [{"unitname": "spirit_bear", "item_0": 598, "item_1": 16, "item_2": 63, "item_3": 174, "item_4": 569, "item_5": 939, "backpack_0": 0, "backpack_1": 0, "backpack_2": 0, "item_neutral": 0}], "ability_upgrades_arr": [5412, 7309, 5412, 7309, 5412, 5415, 7309, 7309, 5414, 5959, 5412, 5415, 5414, 5414, 5414, 6268], "personaname": "Gunnar", "name": "Gunnar", "last_login": "2019-02-04T00:46:16.053Z", "rank_tier": 80, "is_subscriber": false, "radiant_win": true, "start_time": 1707136580, "duration": 2099, "cluster": 161, "lobby_type": 1, "game_mode": 2, "is_contributor": false, "patch": 54, "region": 6, "isRadiant": false, "win": 0, "lose": 1, "total_gold": 15217, "total_xp": 16162, "kills_per_min": 0.028585040495474036, "kda": 0.83, "abandons": 0, "benchmarks": {"gold_per_min": {"raw": 435, "pct": 0.281767955801105}, "xp_per_min": {"raw": 462, "pct": 0.17955801104972377}, "kills_per_min": {"raw": 0.028585040495474032, "pct": 0.09392265193370165}, "last_hits_per_min": {"raw": 6.460219151977132, "pct": 0.643646408839779}, "hero_damage_per_min": {"raw": 208.35636017151023, "pct": 0.10497237569060773}, "hero_healing_per_min": {"raw": 0, "pct": 0.925414364640884}, "tower_damage": {"raw": 2841, "pct": 0.3397790055248619}}}, {"player_slot": 129, "party_id": 0, "permanent_buffs": [], "party_size": 10, "account_id": 87063175, "team_number": 1, "team_slot": 1, "hero_id": 19, "item_0": 37, "item_1": 50, "item_2": 1, "item_3": 40, "item_4": 36, "item_5": 218, "backpack_0": 0, "backpack_1": 0, "backpack_2": 0, "item_neutral": 573, "kills": 1, "deaths": 5, "assists": 8, "leaver_status": 1, "last_hits": 45, "denies": 6, "gold_per_min": 232, "xp_per_min": 337, "level": 14, "net_worth": 6322, "aghanims_scepter": 0, "aghanims_shard": 0, "moonshard": 0, "hero_damage": 9394, "tower_damage": 0, "hero_healing": 0, "gold": 342, "gold_spent": 7250, "ability_upgrades_arr": [5108, 5106, 5107, 5106, 5106, 5109, 5106, 5107, 5107, 5107, 5918, 5109, 5108, 5108], "personaname": "rezzurection", "name": "Lelis", "last_login": "2017-04-22T20:08:59.799Z", "rank_tier": 80, "is_subscriber": false, "radiant_win": true, "start_time": 1707136580, "duration": 2099, "cluster": 161, "lobby_type": 1, "game_mode": 2, "is_contributor": false, "patch": 54, "region": 6, "isRadiant": false, "win": 0, "lose": 1, "total_gold": 8116, "total_xp": 11789, "kills_per_min": 0.028585040495474036, "kda": 1.5, "abandons": 0, "benchmarks": {"gold_per_min": {"raw": 232, "pct": 0.016872427983539096}, "xp_per_min": {"raw": 337, "pct": 0.03827160493827161}, "kills_per_min": {"raw": 0.028585040495474032, "pct": 0.0448559670781893}, "last_hits_per_min": {"raw": 1.2863268222963316, "pct": 0.027160493827160494}, "hero_damage_per_min": {"raw": 268.52787041448306, "pct": 0.04567901234567901}, "hero_healing_per_min": {"raw": 0, "pct": 0.9024691358024691}, "tower_damage": {"raw": 0, "pct": 0.09300411522633745}}}, {"player_slot": 130, "party_id": 0, "permanent_buffs": [{"permanent_buff": 12, "stack_count": 0, "grant_time": 2639}], "party_size": 10, "account_id": 96803083, "team_number": 1, "team_slot": 2, "hero_id": 74, "item_0": 73, "item_1": 534, "item_2": 190, "item_3": 63, "item_4": 0, "item_5": 116, "backpack_0": 0, "backpack_1": 0, "backpack_2": 0, "item_neutral": 331, "kills": 3, "deaths": 7, "assists": 5, "leaver_status": 0, "last_hits": 220, "denies": 10, "gold_per_min": 454, "xp_per_min": 433, "level": 16, "net_worth": 12544, "aghanims_scepter": 0, "aghanims_shard": 1, "moonshard": 0, "hero_damage": 15275, "tower_damage": 1786, "hero_healing": 0, "gold": 489, "gold_spent": 13410, "ability_upgrades_arr": [5371, 5370, 5371, 5370, 5371, 5370, 5371, 5372, 5371, 5372, 5371, 5372, 5371, 5372, 5370, 5372], "personaname": "Stormstormer", "name": "Stormstormer", "last_login": "2017-01-14T15:00:31.844Z", "rank_tier": 80, "is_subscriber": false, "radiant_win": true, "start_time": 1707136580, "duration": 2099, "cluster": 161, "lobby_type": 1, "game_mode": 2, "is_contributor": false, "patch": 54, "region": 6, "isRadiant": false, "win": 0, "lose": 1, "total_gold": 15882, "total_xp": 15147, "kills_per_min": 0.0857551214864221, "kda": 1, "abandons": 0, "benchmarks": {"gold_per_min": {"raw": 454, "pct": 0.354383932020085}, "xp_per_min": {"raw": 433, "pct": 0.10699111626110468}, "kills_per_min": {"raw": 0.0857551214864221, "pct": 0.12070297412128235}, "last_hits_per_min": {"raw": 6.288708909004288, "pct": 0.8872151409810738}, "hero_damage_per_min": {"raw": 436.63649356836584, "pct": 0.17342603321745848}, "hero_healing_per_min": {"raw": 0, "pct": 0.9009269988412515}, "tower_damage": {"raw": 1786, "pct": 0.42931633835457705}}}, {"player_slot": 131, "party_id": 0, "permanent_buffs": [{"permanent_buff": 12, "stack_count": 0, "grant_time": 2180}], "party_size": 10, "account_id": 94155156, "team_number": 1, "team_slot": 3, "hero_id": 20, "item_0": 36, "item_1": 180, "item_2": 0, "item_3": 244, "item_4": 218, "item_5": 81, "backpack_0": 0, "backpack_1": 0, "backpack_2": 0, "item_neutral": 2193, "kills": 1, "deaths": 6, "assists": 8, "leaver_status": 0, "last_hits": 47, "denies": 1, "gold_per_min": 259, "xp_per_min": 381, "level": 15, "net_worth": 7449, "aghanims_scepter": 0, "aghanims_shard": 1, "moonshard": 0, "hero_damage": 9954, "tower_damage": 0, "hero_healing": 2604, "gold": 799, "gold_spent": 7630, "ability_upgrades_arr": [5124, 5122, 5122, 5124, 5122, 5125, 5122, 5124, 5124, 1068, 5123, 5125, 5123, 5123, 6978], "personaname": "CHOP CHOP", "name": "Fly", "last_login": "2017-11-04T11:32:51.650Z", "rank_tier": 80, "is_subscriber": false, "radiant_win": true, "start_time": 1707136580, "duration": 2099, "cluster": 161, "lobby_type": 1, "game_mode": 2, "is_contributor": false, "patch": 54, "region": 6, "isRadiant": false, "win": 0, "lose": 1, "total_gold": 9060, "total_xp": 13328, "kills_per_min": 0.028585040495474036, "kda": 1.29, "abandons": 0, "benchmarks": {"gold_per_min": {"raw": 259, "pct": 0.13050483351235231}, "xp_per_min": {"raw": 381, "pct": 0.1460794844253491}, "kills_per_min": {"raw": 0.028585040495474032, "pct": 0.13211600429645542}, "last_hits_per_min": {"raw": 1.3434969032872797, "pct": 0.46938775510204084}, "hero_damage_per_min": {"raw": 284.5354930919486, "pct": 0.20515574650912996}, "hero_healing_per_min": {"raw": 74.43544545021439, "pct": 0.952201933404941}, "tower_damage": {"raw": 0, "pct": 0.200859291084855}}}, {"player_slot": 132, "party_id": 0, "permanent_buffs": [], "party_size": 10, "account_id": 177203952, "team_number": 1, "team_slot": 4, "hero_id": 18, "item_0": 50, "item_1": 108, "item_2": 116, "item_3": 1125, "item_4": 252, "item_5": 172, "backpack_0": 0, "backpack_1": 0, "backpack_2": 0, "item_neutral": 1159, "kills": 5, "deaths": 5, "assists": 4, "leaver_status": 0, "last_hits": 325, "denies": 8, "gold_per_min": 567, "xp_per_min": 694, "level": 21, "net_worth": 16015, "aghanims_scepter": 0, "aghanims_shard": 0, "moonshard": 0, "hero_damage": 12271, "tower_damage": 1882, "hero_healing": 0, "gold": 365, "gold_spent": 18045, "ability_upgrades_arr": [5094, 5096, 5095, 5095, 5095, 5097, 5095, 5096, 5096, 6119, 5094, 5097, 5096, 5094, 6911, 5094, 5097, 716], "personaname": "Yuma", "name": "Yuma", "last_login": "2020-04-02T13:01:31.060Z", "rank_tier": 80, "is_subscriber": false, "radiant_win": true, "start_time": 1707136580, "duration": 2099, "cluster": 161, "lobby_type": 1, "game_mode": 2, "is_contributor": false, "patch": 54, "region": 6, "isRadiant": false, "win": 0, "lose": 1, "total_gold": 19835, "total_xp": 24278, "kills_per_min": 0.14292520247737017, "kda": 1.5, "abandons": 0, "benchmarks": {"gold_per_min": {"raw": 567, "pct": 0.42349048800661704}, "xp_per_min": {"raw": 694, "pct": 0.3283705541770058}, "kills_per_min": {"raw": 0.14292520247737017, "pct": 0.3250620347394541}, "last_hits_per_min": {"raw": 9.290138161029061, "pct": 0.7229114971050455}, "hero_damage_per_min": {"raw": 350.7670319199619, "pct": 0.1728701406120761}, "hero_healing_per_min": {"raw": 0, "pct": 0.9503722084367245}, "tower_damage": {"raw": 1882, "pct": 0.3978494623655914}}}], "series_id": 847354, "series_type": 3, "cluster": 161, "replay_salt": 1986160442, "radiant_win": true, "duration": 2099, "pre_game_duration": 90, "start_time": 1707136580, "match_seq_num": 6375351916, "tower_status_radiant": 1959, "tower_status_dire": 0, "barracks_status_radiant": 63, "barracks_status_dire": 0, "first_blood_time": 275, "lobby_type": 1, "human_players": 10, "leagueid": 16169, "game_mode": 2, "flags": 4, "engine": 1, "radiant_score": 28, "dire_score": 12, "radiant_team_id": 8574561, "radiant_name": "Azure Ray", "radiant_logo": 2298587339939886600, "radiant_team_complete": 1, "dire_team_id": 8728920, "dire_name": "nouns", "dire_logo": 1861686187975269000, "dire_team_complete": 0, "radiant_captain": 158847773, "dire_captain": 94155156, "picks_bans": [{"is_pick": false, "hero_id": 97, "team": 1, "order": 0}, {"is_pick": false, "hero_id": 66, "team": 0, "order": 1}, {"is_pick": false, "hero_id": 69, "team": 0, "order": 2}, {"is_pick": false, "hero_id": 110, "team": 1, "order": 3}, {"is_pick": false, "hero_id": 82, "team": 0, "order": 4}, {"is_pick": false, "hero_id": 58, "team": 0, "order": 5}, {"is_pick": false, "hero_id": 98, "team": 1, "order": 6}, {"is_pick": true, "hero_id": 20, "team": 1, "order": 7}, {"is_pick": true, "hero_id": 105, "team": 0, "order": 8}, {"is_pick": false, "hero_id": 49, "team": 1, "order": 9}, {"is_pick": false, "hero_id": 95, "team": 1, "order": 10}, {"is_pick": false, "hero_id": 92, "team": 0, "order": 11}, {"is_pick": true, "hero_id": 129, "team": 0, "order": 12}, {"is_pick": true, "hero_id": 18, "team": 1, "order": 13}, {"is_pick": true, "hero_id": 19, "team": 1, "order": 14}, {"is_pick": true, "hero_id": 86, "team": 0, "order": 15}, {"is_pick": true, "hero_id": 10, "team": 0, "order": 16}, {"is_pick": true, "hero_id": 74, "team": 1, "order": 17}, {"is_pick": false, "hero_id": 13, "team": 1, "order": 18}, {"is_pick": false, "hero_id": 29, "team": 0, "order": 19}, {"is_pick": false, "hero_id": 96, "team": 0, "order": 20}, {"is_pick": false, "hero_id": 120, "team": 1, "order": 21}, {"is_pick": true, "hero_id": 80, "team": 1, "order": 22}, {"is_pick": true, "hero_id": 46, "team": 0, "order": 23}], "od_data": {"has_api": true, "has_gcdata": true, "has_parsed": false, "has_archive": false}, "league": {"leagueid": 16169, "ticket": null, "banner": null, "tier": "professional", "name": "BetBoom Dacha Dubai 2024"}, "radiant_team": {"team_id": 8574561, "name": "Azure Ray", "tag": "AR", "logo_url": "https://cdn.steamusercontent.com/ugc/2298587339939886506/26FF6DD1070476EAF1C69DD30B259FBB197F0256/"}, "dire_team": {"team_id": 8728920, "name": "nouns", "tag": "nouns", "logo_url": "https://cdn.steamusercontent.com/ugc/1861686187975269057/6E221E0B04CCB4AEF93A3FDA4DC7873A1BBAFAE2/"}, "metadata": null, "replay_url": "http://replay161.valve.net/570/7570633219_1986160442.dem.bz2", "patch": 54, "region": 6}